,Iteration,d,sigma,theta,min_NLL
0,1,0.003,0.05,0.8,412.17355694155333
1,2,0.0035,0.05,0.8500000000000001,410.9811794873635
