,Iteration,d,sigma,theta,min_NLL
0,1,0.001,0.05,0.01,13826.983475002458
1,2,0.001,0.05,0.01,13826.983475002457
