,Iteration,d,sigma,theta,min_NLL
0,1,0.001,0.05,0.01,403.59312003276375
1,2,0.001,0.05,0.255,402.96465928021354
